{"schemaVersion":"1.0","appDefinitionTemplate":{"id":"/providers/Microsoft.PowerApps/apps/","type":"Microsoft.PowerApps/apps","tags":{"minimumRequiredApiVersion":"2.2.0"},"properties":{"appVersion":"2019-08-22T14:16:42Z","lifeCycleId":"Published","createdByClientVersion":{"major":3,"minor":19081,"build":26,"revision":0,"majorRevision":0,"minorRevision":0},"minClientVersion":{"major":3,"minor":19081,"build":26,"revision":0,"majorRevision":0,"minorRevision":0},"backgroundColor":"rgba(1, 60, 96, 1)","backgroundImageUri":"/3704449671329509209/Neb06d909-64f6-4b58-91e6-810212c6d421-logoSmallFile","displayName":"MVP Contributions","description":"Demo application to keep track of your community contributions. Based on CDS, please ensure you have the whole solution and data.","appUris":{"documentUri":{"value":"/3704449671329509209/Nc843742d-d342-40d5-a982-aeb3f76a57ee-document.msapp","readonlyValue":"/3704449671329509209/Nc843742d-d342-40d5-a982-aeb3f76a57ee-document.msapp"},"imageUris":[]},"createdTime":"0001-01-01T00:00:00Z","lastModifiedTime":"0001-01-01T00:00:00Z","sharedGroupsCount":0,"sharedUsersCount":0,"icons":{"smallIconUri":"/3704449671329509209/N0a6e5e99-7b62-4643-8f2d-284de109d363-small.png","mediumIconUri":"/3704449671329509209/N9e5751b8-10a5-43bf-8eb1-869c4d554d0b-medium.png","largeIconUri":"/3704449671329509209/Ne11d3df3-0b87-4c43-8310-a0a7252774b8-large.png","wideIconUri":"/3704449671329509209/Ncc82328a-40df-411a-96ac-23117e7993b1-wide.png"},"connectionReferences":{"26c3ae3e-ad23-46ae-8907-8c39d7558535":{"id":"e7349178-89eb-4e5c-9527-a2378be44aae","displayName":"Common Data Service","iconUri":"https://connectoricons-prod.azureedge.net/commondataservice/icon_1.0.1244.1669.png","dataSources":["MVP Contributions","Contribution Types"],"dependencies":[],"dependents":[],"parameterHints":{},"isOnPremiseConnection":false,"bypassConsent":false,"dataSets":{"default.cds":{"dataSources":{"MVP Contributions":{"tableName":"cr593_mvpcontributions"},"Contribution Types":{"tableName":"cr593_contributiontypes"}}}},"apiTier":"Premium","isCustomApiConnection":false}},"databaseReferences":{},"almMode":"Solution"}}}